size,negative,mean_rank,map
5,5,301.82666666666665,0.11094718695687235
